links,infos,date
https://banbao990.github.io/,主页,2020.09.16
https://banbao990.github.io//smallKit/digitalNumber/,数码管,2019.03.27
https://banbao990.github.io/Cheer/AllFront/,陈绮贞个人简介(20190605),2019.06.05
https://banbao990.github.io/games/gameOfLife/,生命游戏,2020.11.28
https://banbao990.github.io/games/aBallDirectedByACurve/,小球跟随笔画,2020.11.28
https://banbao990.github.io/FE/WaitingMovingAnimation/,"火焰之纹章(烈火之剑，等待、待机动画)",2020.10.02
/kits/canvas/liuyubobobo/01/,时钟(canvas),2021.09.05
/kits/canvas/liuyubobobo/04/,毛笔字(canvas),2021.09.08
/kits/canvas/pintu/,拼图游戏(canvas),2021.09.25
/kits/canvas/particle-system/construct-text/,粒子系统-构成文字(canvas),2021.11.03
/ddd/2023/07/01/,图片展示,2023.07.01
/utils/text-process/,文本处理,2023.07.03
/kits/travel/china/,足迹,2025.02.20
/kits/canvas/math/mlt/,MCMC-2D模拟(知道转移函数),2025.03.27
/kits/canvas/math/mlt2/,MCMC-2D图片拷贝(知道目标分布),2025.03.27
/kits/countdown/,事件倒计时,2026.04.22
/kits/majsoul/,2D 骨骼动画(仅供学习),2026.07.22
**https://banbao990.github.io/Majsoul2DAnimation/,2D 骨骼动画 II(仅供学习),2026.07.22
/kits/break-reminder/,起身喝水提醒,2026.08.21
**/kits/bilibili/banner/,Bilibili 主页动画 Banner,2026.08.21
/kits/elapsed-time/,已经过去多久,2026.09.06
**/kits/fractal/,分形,2026.10.01
/kits/farm/,苔谷农场,2026.10.01
