<?xml version="1.0" encoding="UTF-8"?><?xml-stylesheet type='text/xsl' href='_UpgradeReport_Files/UpgradeReport.xslt'?><UpgradeLog>
<Properties><Property Name="Solution" Value="GravityBallScreenSaver">
</Property><Property Name="解决方案文件" Value="C:\csharp课程\12 绘图与图像\SomeApplications\GravityBallScreenSaver\GravityBallScreenSaver.sln">
</Property><Property Name="Date" Value="2013年12月3日">
</Property><Property Name="Time" Value="13:13:54">
</Property></Properties><Event ErrorLevel="1" Project="GravityBallScreenSaver" Source="GravityBallScreenSaver.csproj" Description="您的项目以 .NET Framework 2.0 或 3.0 为目标。如果您的项目使用的程序集需要更新的 .NET Framework，则项目生成将失败。通过单击项目菜单上的“属性”，然后在“.NET Framework”下拉框中选择一个新版本，可以更改 .NET Framework 的版本。(在 Visual Basic 中，可在单击“高级编辑器选项...”按钮时显示的“编译”选项卡上找到此下拉框。)">
</Event><Event ErrorLevel="0" Project="GravityBallScreenSaver" Source="GravityBallScreenSaver.csproj" Description="项目已成功转换">
</Event><Event ErrorLevel="3" Project="GravityBallScreenSaver" Source="GravityBallScreenSaver.csproj" Description="Converted">
</Event><Event ErrorLevel="0" Project="GravityBallScreenSaver" Source="GravityBallScreenSaver.csproj" Description="扫描完成: 项目文件不需要升级。">
</Event><Event ErrorLevel="1" Project="GravityBallScreenSaver" Source="GravityBallScreenSaver.csproj" Description="未能找到在“Clipboard (Any CPU)”配置的 CodeAnalysisRuleAssemblies 中指定的规则程序集或目录“\rules”。某些规则可能不会迁移到相应的规则集。">
</Event><Event ErrorLevel="0" Project="GravityBallScreenSaver" Source="GravityBallScreenSaver.csproj" Description="已为“Clipboard (Any CPU)”配置创建规则集文件“C:\csharp课程\12 绘图与图像\SomeApplications\GravityBallScreenSaver\Migrated rules for GravityBallScreenSaver.ruleset”。">
</Event></UpgradeLog>